event_date,user_id,points_earned,is_signup,week_start
2025-08-17,u39,15,0,2025-08-11
2025-08-17,u19,20,0,2025-08-11
2025-08-17,u150,0,0,2025-08-11
2025-08-17,u55,0,0,2025-08-11
2025-08-17,u108,0,0,2025-08-11
2025-08-17,u142,15,0,2025-08-11
2025-08-17,u145,0,0,2025-08-11
2025-08-17,u162,20,0,2025-08-11
2025-08-17,u148,20,0,2025-08-11
2025-08-17,u57,0,0,2025-08-11
2025-08-17,u35,10,0,2025-08-11
2025-08-17,u139,0,0,2025-08-11
2025-08-17,u144,5,0,2025-08-11
2025-08-17,u147,5,0,2025-08-11
2025-08-17,u141,0,0,2025-08-11
2025-08-17,u159,5,0,2025-08-11
2025-08-17,u137,15,0,2025-08-11
2025-08-17,u120,20,0,2025-08-11
2025-08-17,u93,10,0,2025-08-11
2025-08-17,u47,5,0,2025-08-11
2025-08-17,u77,20,0,2025-08-11
2025-08-17,u88,15,0,2025-08-11
2025-08-17,u19,0,0,2025-08-11
2025-08-17,u43,10,0,2025-08-11
2025-08-17,u126,15,0,2025-08-11
2025-08-17,u172,0,0,2025-08-11
2025-08-17,u147,10,0,2025-08-11
2025-08-17,u90,20,0,2025-08-11
2025-08-17,u117,0,0,2025-08-11
2025-08-17,u70,15,0,2025-08-11
2025-08-17,u17,0,0,2025-08-11
2025-08-17,u80,20,0,2025-08-11
2025-08-17,u115,10,0,2025-08-11
2025-08-17,u172,10,1,2025-08-11
2025-08-17,u119,10,0,2025-08-11
2025-08-17,u30,15,0,2025-08-11
2025-08-17,u197,10,0,2025-08-11
2025-08-17,u64,15,0,2025-08-11
2025-08-17,u128,0,0,2025-08-11
2025-08-17,u103,20,0,2025-08-11
2025-08-18,u111,20,0,2025-08-18
2025-08-18,u107,10,0,2025-08-18
2025-08-18,u98,5,0,2025-08-18
2025-08-18,u46,5,0,2025-08-18
2025-08-18,u60,0,0,2025-08-18
2025-08-18,u151,5,0,2025-08-18
2025-08-18,u2,5,0,2025-08-18
2025-08-18,u95,20,0,2025-08-18
2025-08-18,u33,20,0,2025-08-18
2025-08-18,u168,0,0,2025-08-18
2025-08-18,u200,20,0,2025-08-18
2025-08-18,u103,15,0,2025-08-18
2025-08-18,u163,15,0,2025-08-18
2025-08-18,u18,5,0,2025-08-18
2025-08-18,u29,10,0,2025-08-18
2025-08-18,u27,0,0,2025-08-18
2025-08-18,u138,0,0,2025-08-18
2025-08-18,u158,0,0,2025-08-18
2025-08-18,u54,20,0,2025-08-18
2025-08-18,u163,10,0,2025-08-18
2025-08-18,u155,10,0,2025-08-18
2025-08-18,u30,15,0,2025-08-18
2025-08-18,u120,15,0,2025-08-18
2025-08-18,u22,5,0,2025-08-18
2025-08-18,u88,10,0,2025-08-18
2025-08-18,u178,5,0,2025-08-18
2025-08-18,u53,20,0,2025-08-18
2025-08-18,u177,20,0,2025-08-18
2025-08-18,u195,20,0,2025-08-18
2025-08-18,u165,0,0,2025-08-18
2025-08-18,u67,20,0,2025-08-18
2025-08-18,u43,10,0,2025-08-18
2025-08-18,u137,20,0,2025-08-18
2025-08-18,u85,5,0,2025-08-18
2025-08-19,u195,5,0,2025-08-18
2025-08-19,u103,5,0,2025-08-18
2025-08-19,u127,10,0,2025-08-18
2025-08-19,u8,10,0,2025-08-18
2025-08-19,u50,20,0,2025-08-18
2025-08-19,u115,10,0,2025-08-18
2025-08-19,u94,0,0,2025-08-18
2025-08-19,u59,15,0,2025-08-18
2025-08-19,u53,15,0,2025-08-18
2025-08-19,u157,0,0,2025-08-18
2025-08-19,u168,10,0,2025-08-18
2025-08-19,u22,0,0,2025-08-18
2025-08-19,u183,5,0,2025-08-18
2025-08-19,u46,15,0,2025-08-18
2025-08-19,u86,0,0,2025-08-18
2025-08-19,u185,15,0,2025-08-18
2025-08-19,u191,0,0,2025-08-18
2025-08-19,u44,5,1,2025-08-18
2025-08-19,u152,15,0,2025-08-18
2025-08-19,u38,20,0,2025-08-18
2025-08-19,u122,10,0,2025-08-18
2025-08-19,u141,5,1,2025-08-18
2025-08-19,u186,0,0,2025-08-18
2025-08-19,u36,15,0,2025-08-18
2025-08-19,u50,5,1,2025-08-18
2025-08-19,u55,10,0,2025-08-18
2025-08-19,u196,20,0,2025-08-18
2025-08-19,u140,15,0,2025-08-18
2025-08-19,u16,10,0,2025-08-18
2025-08-19,u170,20,0,2025-08-18
2025-08-19,u133,15,0,2025-08-18
2025-08-19,u129,5,0,2025-08-18
2025-08-19,u135,20,1,2025-08-18
2025-08-19,u113,5,0,2025-08-18
2025-08-19,u199,5,0,2025-08-18
2025-08-19,u122,20,0,2025-08-18
2025-08-19,u143,0,0,2025-08-18
2025-08-19,u133,20,0,2025-08-18
2025-08-19,u199,0,0,2025-08-18
2025-08-19,u15,5,0,2025-08-18
2025-08-19,u11,0,0,2025-08-18
2025-08-19,u144,0,0,2025-08-18
2025-08-19,u17,15,0,2025-08-18
2025-08-19,u130,20,0,2025-08-18
2025-08-19,u178,10,0,2025-08-18
2025-08-19,u137,15,0,2025-08-18
2025-08-19,u64,20,0,2025-08-18
2025-08-19,u67,20,0,2025-08-18
2025-08-19,u52,15,0,2025-08-18
2025-08-19,u32,15,0,2025-08-18
2025-08-19,u19,5,0,2025-08-18
2025-08-19,u55,10,0,2025-08-18
2025-08-19,u199,5,0,2025-08-18
2025-08-19,u165,10,0,2025-08-18
2025-08-19,u36,15,0,2025-08-18
2025-08-20,u25,15,0,2025-08-18
2025-08-20,u42,5,0,2025-08-18
2025-08-20,u111,20,0,2025-08-18
2025-08-20,u108,5,0,2025-08-18
2025-08-20,u24,10,1,2025-08-18
2025-08-20,u142,15,0,2025-08-18
2025-08-20,u5,15,0,2025-08-18
2025-08-20,u160,10,0,2025-08-18
2025-08-20,u17,0,0,2025-08-18
2025-08-20,u59,0,0,2025-08-18
2025-08-20,u70,0,0,2025-08-18
2025-08-20,u47,10,0,2025-08-18
2025-08-20,u109,10,0,2025-08-18
2025-08-20,u138,20,0,2025-08-18
2025-08-20,u180,10,0,2025-08-18
2025-08-20,u15,5,0,2025-08-18
2025-08-20,u19,10,0,2025-08-18
2025-08-20,u163,0,0,2025-08-18
2025-08-20,u22,20,0,2025-08-18
2025-08-20,u18,10,0,2025-08-18
2025-08-20,u117,0,0,2025-08-18
2025-08-20,u142,15,0,2025-08-18
2025-08-20,u69,20,0,2025-08-18
2025-08-20,u135,5,0,2025-08-18
2025-08-20,u42,10,0,2025-08-18
2025-08-20,u52,10,0,2025-08-18
2025-08-20,u136,5,0,2025-08-18
2025-08-20,u129,5,0,2025-08-18
2025-08-20,u5,10,0,2025-08-18
2025-08-20,u5,20,0,2025-08-18
2025-08-20,u49,20,0,2025-08-18
2025-08-20,u115,0,0,2025-08-18
2025-08-20,u167,15,0,2025-08-18
2025-08-20,u140,15,0,2025-08-18
2025-08-20,u79,5,0,2025-08-18
2025-08-20,u88,5,0,2025-08-18
2025-08-20,u181,5,0,2025-08-18
2025-08-20,u89,0,0,2025-08-18
2025-08-20,u4,0,0,2025-08-18
2025-08-20,u66,15,0,2025-08-18
2025-08-20,u22,15,0,2025-08-18
2025-08-20,u172,10,0,2025-08-18
2025-08-20,u178,10,0,2025-08-18
2025-08-20,u48,5,0,2025-08-18
2025-08-20,u1,10,0,2025-08-18
2025-08-20,u85,20,0,2025-08-18
2025-08-20,u9,10,0,2025-08-18
2025-08-20,u47,0,0,2025-08-18
2025-08-20,u22,15,0,2025-08-18
2025-08-20,u168,5,0,2025-08-18
2025-08-20,u199,0,0,2025-08-18
2025-08-20,u23,5,0,2025-08-18
2025-08-20,u11,15,1,2025-08-18
2025-08-20,u78,5,0,2025-08-18
2025-08-20,u136,5,0,2025-08-18
2025-08-20,u184,20,0,2025-08-18
2025-08-20,u84,15,0,2025-08-18
2025-08-20,u186,20,0,2025-08-18
2025-08-20,u12,20,0,2025-08-18
2025-08-20,u188,20,0,2025-08-18
2025-08-21,u193,20,0,2025-08-18
2025-08-21,u5,20,0,2025-08-18
2025-08-21,u183,5,0,2025-08-18
2025-08-21,u11,5,0,2025-08-18
2025-08-21,u27,15,0,2025-08-18
2025-08-21,u143,0,0,2025-08-18
2025-08-21,u161,20,0,2025-08-18
2025-08-21,u126,10,1,2025-08-18
2025-08-21,u18,20,0,2025-08-18
2025-08-21,u24,20,0,2025-08-18
2025-08-21,u189,15,0,2025-08-18
2025-08-21,u20,10,0,2025-08-18
2025-08-21,u194,5,0,2025-08-18
2025-08-21,u167,15,0,2025-08-18
2025-08-21,u98,0,0,2025-08-18
2025-08-21,u176,10,0,2025-08-18
2025-08-21,u158,5,0,2025-08-18
2025-08-21,u38,10,0,2025-08-18
2025-08-21,u191,10,0,2025-08-18
2025-08-21,u35,0,0,2025-08-18
2025-08-21,u125,10,0,2025-08-18
2025-08-21,u26,5,0,2025-08-18
2025-08-21,u75,20,0,2025-08-18
2025-08-21,u120,15,0,2025-08-18
2025-08-21,u141,5,0,2025-08-18
2025-08-21,u22,15,1,2025-08-18
2025-08-21,u118,0,0,2025-08-18
2025-08-21,u116,10,0,2025-08-18
2025-08-21,u54,0,0,2025-08-18
2025-08-21,u37,20,0,2025-08-18
2025-08-21,u93,5,0,2025-08-18
2025-08-21,u162,20,0,2025-08-18
2025-08-21,u29,10,0,2025-08-18
2025-08-21,u125,15,1,2025-08-18
2025-08-21,u1,15,0,2025-08-18
2025-08-21,u104,10,0,2025-08-18
2025-08-21,u107,10,0,2025-08-18
2025-08-21,u31,10,1,2025-08-18
2025-08-21,u193,10,0,2025-08-18
2025-08-21,u31,5,0,2025-08-18
2025-08-21,u190,10,0,2025-08-18
2025-08-21,u17,15,0,2025-08-18
2025-08-21,u151,0,0,2025-08-18
2025-08-21,u110,10,0,2025-08-18
2025-08-21,u72,0,0,2025-08-18
2025-08-21,u170,10,0,2025-08-18
2025-08-22,u64,10,0,2025-08-18
2025-08-22,u81,5,0,2025-08-18
2025-08-22,u110,0,0,2025-08-18
2025-08-22,u162,15,0,2025-08-18
2025-08-22,u142,20,0,2025-08-18
2025-08-22,u21,0,0,2025-08-18
2025-08-22,u106,15,0,2025-08-18
2025-08-22,u36,10,0,2025-08-18
2025-08-22,u141,5,0,2025-08-18
2025-08-22,u107,10,0,2025-08-18
2025-08-22,u66,10,0,2025-08-18
2025-08-22,u62,10,0,2025-08-18
2025-08-22,u172,15,0,2025-08-18
2025-08-22,u165,5,0,2025-08-18
2025-08-22,u129,15,0,2025-08-18
2025-08-22,u116,10,0,2025-08-18
2025-08-22,u116,15,0,2025-08-18
2025-08-22,u50,5,0,2025-08-18
2025-08-22,u88,20,0,2025-08-18
2025-08-22,u62,10,0,2025-08-18
2025-08-22,u146,5,0,2025-08-18
2025-08-22,u192,15,0,2025-08-18
2025-08-22,u191,20,0,2025-08-18
2025-08-22,u70,10,0,2025-08-18
2025-08-22,u128,10,0,2025-08-18
2025-08-22,u93,5,0,2025-08-18
2025-08-22,u136,5,0,2025-08-18
2025-08-22,u64,15,0,2025-08-18
2025-08-22,u115,15,0,2025-08-18
2025-08-22,u6,5,0,2025-08-18
2025-08-22,u182,15,0,2025-08-18
2025-08-22,u126,0,0,2025-08-18
2025-08-22,u136,15,0,2025-08-18
2025-08-22,u64,0,0,2025-08-18
2025-08-23,u134,0,0,2025-08-18
2025-08-23,u185,15,0,2025-08-18
2025-08-23,u199,0,1,2025-08-18
2025-08-23,u33,5,0,2025-08-18
2025-08-23,u10,10,0,2025-08-18
2025-08-23,u161,10,0,2025-08-18
2025-08-23,u112,0,0,2025-08-18
2025-08-23,u77,20,0,2025-08-18
2025-08-23,u50,15,0,2025-08-18
2025-08-23,u154,0,1,2025-08-18
2025-08-23,u78,15,0,2025-08-18
2025-08-23,u81,5,0,2025-08-18
2025-08-23,u61,20,0,2025-08-18
2025-08-23,u106,10,0,2025-08-18
2025-08-23,u50,15,0,2025-08-18
2025-08-23,u166,15,0,2025-08-18
2025-08-23,u59,15,0,2025-08-18
2025-08-23,u59,15,0,2025-08-18
2025-08-23,u87,15,0,2025-08-18
2025-08-23,u102,5,1,2025-08-18
2025-08-23,u75,20,0,2025-08-18
2025-08-23,u127,5,0,2025-08-18
2025-08-23,u50,5,0,2025-08-18
2025-08-23,u68,10,0,2025-08-18
2025-08-23,u160,15,0,2025-08-18
2025-08-23,u58,15,0,2025-08-18
2025-08-23,u171,0,0,2025-08-18
2025-08-23,u38,15,0,2025-08-18
2025-08-23,u7,20,0,2025-08-18
2025-08-23,u14,0,0,2025-08-18
2025-08-23,u116,10,0,2025-08-18
2025-08-23,u21,5,0,2025-08-18
2025-08-23,u48,20,0,2025-08-18
2025-08-23,u9,10,0,2025-08-18
2025-08-24,u96,10,0,2025-08-18
2025-08-24,u28,0,0,2025-08-18
2025-08-24,u21,10,0,2025-08-18
2025-08-24,u32,20,0,2025-08-18
2025-08-24,u54,15,0,2025-08-18
2025-08-24,u80,15,0,2025-08-18
2025-08-24,u181,15,0,2025-08-18
2025-08-24,u139,15,0,2025-08-18
2025-08-24,u94,15,0,2025-08-18
2025-08-24,u106,5,0,2025-08-18
2025-08-24,u197,15,0,2025-08-18
2025-08-24,u9,15,0,2025-08-18
2025-08-24,u16,10,0,2025-08-18
2025-08-24,u17,20,0,2025-08-18
2025-08-24,u70,10,0,2025-08-18
2025-08-24,u158,0,0,2025-08-18
2025-08-24,u184,10,0,2025-08-18
2025-08-24,u77,0,0,2025-08-18
2025-08-24,u153,0,1,2025-08-18
2025-08-24,u60,0,0,2025-08-18
2025-08-24,u120,15,0,2025-08-18
2025-08-24,u111,15,0,2025-08-18
2025-08-24,u128,5,1,2025-08-18
2025-08-24,u190,10,0,2025-08-18
2025-08-24,u198,5,0,2025-08-18
2025-08-24,u84,10,0,2025-08-18
2025-08-24,u153,0,0,2025-08-18
2025-08-24,u101,5,0,2025-08-18
2025-08-24,u17,0,0,2025-08-18
2025-08-24,u140,10,0,2025-08-18
2025-08-24,u110,0,0,2025-08-18
2025-08-24,u68,20,0,2025-08-18
2025-08-24,u25,15,0,2025-08-18
2025-08-24,u182,15,0,2025-08-18
2025-08-24,u35,15,0,2025-08-18
2025-08-24,u173,5,0,2025-08-18
2025-08-24,u199,0,0,2025-08-18
2025-08-24,u76,10,0,2025-08-18
2025-08-24,u69,10,0,2025-08-18
2025-08-24,u67,5,0,2025-08-18
2025-08-24,u48,5,0,2025-08-18
2025-08-24,u73,20,0,2025-08-18
2025-08-25,u102,10,0,2025-08-25
2025-08-25,u130,20,0,2025-08-25
2025-08-25,u26,15,0,2025-08-25
2025-08-25,u27,0,0,2025-08-25
2025-08-25,u60,15,0,2025-08-25
2025-08-25,u11,10,0,2025-08-25
2025-08-25,u13,5,0,2025-08-25
2025-08-25,u150,5,0,2025-08-25
2025-08-25,u96,20,0,2025-08-25
2025-08-25,u115,20,0,2025-08-25
2025-08-25,u200,0,0,2025-08-25
2025-08-25,u153,20,0,2025-08-25
2025-08-25,u10,10,0,2025-08-25
2025-08-25,u12,5,0,2025-08-25
2025-08-25,u10,20,0,2025-08-25
2025-08-25,u53,0,0,2025-08-25
2025-08-25,u105,10,0,2025-08-25
2025-08-25,u80,0,0,2025-08-25
2025-08-25,u127,20,0,2025-08-25
2025-08-25,u105,0,0,2025-08-25
2025-08-25,u170,20,0,2025-08-25
2025-08-25,u137,0,0,2025-08-25
2025-08-25,u102,10,0,2025-08-25
2025-08-25,u73,10,0,2025-08-25
2025-08-25,u14,10,0,2025-08-25
2025-08-25,u92,15,0,2025-08-25
2025-08-25,u197,10,0,2025-08-25
2025-08-25,u101,15,0,2025-08-25
2025-08-25,u2,15,0,2025-08-25
2025-08-25,u109,0,0,2025-08-25
2025-08-25,u104,20,0,2025-08-25
2025-08-25,u118,5,0,2025-08-25
2025-08-26,u142,5,0,2025-08-25
2025-08-26,u102,0,0,2025-08-25
2025-08-26,u95,20,0,2025-08-25
2025-08-26,u90,10,0,2025-08-25
2025-08-26,u44,0,0,2025-08-25
2025-08-26,u126,5,0,2025-08-25
2025-08-26,u12,15,0,2025-08-25
2025-08-26,u156,15,0,2025-08-25
2025-08-26,u183,20,0,2025-08-25
2025-08-26,u42,5,0,2025-08-25
2025-08-26,u158,5,0,2025-08-25
2025-08-26,u47,20,0,2025-08-25
2025-08-26,u103,20,0,2025-08-25
2025-08-26,u92,0,0,2025-08-25
2025-08-26,u186,5,0,2025-08-25
2025-08-26,u144,0,0,2025-08-25
2025-08-26,u83,0,0,2025-08-25
2025-08-26,u117,20,0,2025-08-25
2025-08-26,u200,10,0,2025-08-25
2025-08-26,u79,20,0,2025-08-25
2025-08-26,u100,10,0,2025-08-25
2025-08-26,u113,5,1,2025-08-25
2025-08-26,u159,15,0,2025-08-25
2025-08-26,u115,20,0,2025-08-25
2025-08-26,u118,5,0,2025-08-25
2025-08-26,u103,0,0,2025-08-25
2025-08-26,u92,15,0,2025-08-25
2025-08-26,u114,20,0,2025-08-25
2025-08-26,u11,0,0,2025-08-25
2025-08-26,u22,10,0,2025-08-25
2025-08-26,u131,0,0,2025-08-25
2025-08-27,u97,5,1,2025-08-25
2025-08-27,u17,20,0,2025-08-25
2025-08-27,u29,5,0,2025-08-25
2025-08-27,u126,10,0,2025-08-25
2025-08-27,u43,5,0,2025-08-25
2025-08-27,u90,20,0,2025-08-25
2025-08-27,u41,10,0,2025-08-25
2025-08-27,u71,15,0,2025-08-25
2025-08-27,u129,15,0,2025-08-25
2025-08-27,u68,20,0,2025-08-25
2025-08-27,u82,10,0,2025-08-25
2025-08-27,u47,15,0,2025-08-25
2025-08-27,u72,10,0,2025-08-25
2025-08-27,u44,10,0,2025-08-25
2025-08-27,u136,0,0,2025-08-25
2025-08-27,u93,15,0,2025-08-25
2025-08-27,u149,0,0,2025-08-25
2025-08-27,u138,15,0,2025-08-25
2025-08-27,u96,10,0,2025-08-25
2025-08-27,u95,20,0,2025-08-25
2025-08-27,u85,0,0,2025-08-25
2025-08-27,u46,20,0,2025-08-25
2025-08-27,u13,10,0,2025-08-25
2025-08-27,u65,10,0,2025-08-25
2025-08-27,u150,10,0,2025-08-25
2025-08-27,u192,0,0,2025-08-25
2025-08-27,u75,20,0,2025-08-25
2025-08-27,u107,20,0,2025-08-25
2025-08-27,u13,5,0,2025-08-25
2025-08-27,u157,0,1,2025-08-25
2025-08-27,u1,20,0,2025-08-25
2025-08-27,u28,20,0,2025-08-25
2025-08-27,u58,15,0,2025-08-25
2025-08-27,u151,5,0,2025-08-25
2025-08-27,u160,15,0,2025-08-25
2025-08-27,u4,5,0,2025-08-25
2025-08-27,u116,0,0,2025-08-25
2025-08-27,u38,10,0,2025-08-25
2025-08-27,u68,0,0,2025-08-25
2025-08-27,u144,10,0,2025-08-25
2025-08-27,u149,15,0,2025-08-25
2025-08-27,u133,15,0,2025-08-25
2025-08-27,u1,0,0,2025-08-25
2025-08-27,u7,15,0,2025-08-25
2025-08-27,u41,0,0,2025-08-25
2025-08-27,u27,0,0,2025-08-25
2025-08-28,u51,5,0,2025-08-25
2025-08-28,u133,20,0,2025-08-25
2025-08-28,u166,15,0,2025-08-25
2025-08-28,u45,20,0,2025-08-25
2025-08-28,u77,0,0,2025-08-25
2025-08-28,u186,15,0,2025-08-25
2025-08-28,u2,15,0,2025-08-25
2025-08-28,u191,15,0,2025-08-25
2025-08-28,u168,15,0,2025-08-25
2025-08-28,u27,10,0,2025-08-25
2025-08-28,u10,0,0,2025-08-25
2025-08-28,u192,10,0,2025-08-25
2025-08-28,u69,20,0,2025-08-25
2025-08-28,u176,20,0,2025-08-25
2025-08-28,u76,5,0,2025-08-25
2025-08-28,u130,0,0,2025-08-25
2025-08-28,u61,5,0,2025-08-25
2025-08-28,u192,10,0,2025-08-25
2025-08-28,u100,10,0,2025-08-25
2025-08-28,u98,20,0,2025-08-25
2025-08-28,u136,0,0,2025-08-25
2025-08-28,u112,5,0,2025-08-25
2025-08-28,u79,5,0,2025-08-25
2025-08-28,u150,0,0,2025-08-25
2025-08-28,u44,5,0,2025-08-25
2025-08-28,u29,0,0,2025-08-25
2025-08-28,u42,10,0,2025-08-25
2025-08-28,u180,0,0,2025-08-25
2025-08-28,u36,0,0,2025-08-25
2025-08-28,u189,0,0,2025-08-25
2025-08-28,u152,10,0,2025-08-25
2025-08-28,u137,0,0,2025-08-25
2025-08-28,u194,15,0,2025-08-25
2025-08-28,u53,5,0,2025-08-25
2025-08-28,u9,0,0,2025-08-25
2025-08-28,u162,10,0,2025-08-25
2025-08-28,u34,0,0,2025-08-25
2025-08-28,u166,5,0,2025-08-25
2025-08-28,u87,15,0,2025-08-25
2025-08-28,u90,10,0,2025-08-25
2025-08-28,u13,10,0,2025-08-25
2025-08-28,u197,20,0,2025-08-25
2025-08-28,u74,20,0,2025-08-25
2025-08-28,u106,0,0,2025-08-25
2025-08-28,u198,0,0,2025-08-25
2025-08-28,u181,0,0,2025-08-25
2025-08-28,u56,0,0,2025-08-25
2025-08-28,u74,5,0,2025-08-25
2025-08-28,u135,5,0,2025-08-25
2025-08-28,u193,0,1,2025-08-25
2025-08-28,u126,0,0,2025-08-25
2025-08-29,u48,15,0,2025-08-25
2025-08-29,u132,10,0,2025-08-25
2025-08-29,u41,10,0,2025-08-25
2025-08-29,u180,5,0,2025-08-25
2025-08-29,u29,0,0,2025-08-25
2025-08-29,u179,20,0,2025-08-25
2025-08-29,u161,10,0,2025-08-25
2025-08-29,u103,15,0,2025-08-25
2025-08-29,u191,0,0,2025-08-25
2025-08-29,u166,0,0,2025-08-25
2025-08-29,u78,10,0,2025-08-25
2025-08-29,u140,20,0,2025-08-25
2025-08-29,u162,5,0,2025-08-25
2025-08-29,u33,20,0,2025-08-25
2025-08-29,u177,20,0,2025-08-25
2025-08-29,u90,20,0,2025-08-25
2025-08-29,u40,15,0,2025-08-25
2025-08-29,u190,10,0,2025-08-25
2025-08-29,u113,10,0,2025-08-25
2025-08-29,u33,10,0,2025-08-25
2025-08-29,u179,5,0,2025-08-25
2025-08-29,u69,10,0,2025-08-25
2025-08-29,u159,5,0,2025-08-25
2025-08-29,u64,10,0,2025-08-25
2025-08-29,u90,5,0,2025-08-25
2025-08-29,u49,10,0,2025-08-25
2025-08-29,u187,0,0,2025-08-25
2025-08-29,u169,0,0,2025-08-25
2025-08-29,u39,5,0,2025-08-25
2025-08-29,u188,10,0,2025-08-25
2025-08-29,u51,0,0,2025-08-25
2025-08-29,u28,10,0,2025-08-25
2025-08-29,u100,15,0,2025-08-25
2025-08-29,u103,15,0,2025-08-25
2025-08-29,u129,10,0,2025-08-25
2025-08-29,u37,10,0,2025-08-25
2025-08-29,u104,0,0,2025-08-25
2025-08-29,u111,20,0,2025-08-25
2025-08-29,u166,15,0,2025-08-25
2025-08-29,u171,20,0,2025-08-25
2025-08-29,u174,5,0,2025-08-25
2025-08-29,u117,15,0,2025-08-25
2025-08-29,u161,0,0,2025-08-25
2025-08-29,u63,15,0,2025-08-25
2025-08-29,u162,5,0,2025-08-25
2025-08-29,u109,15,0,2025-08-25
2025-08-29,u160,15,0,2025-08-25
2025-08-29,u170,5,0,2025-08-25
2025-08-29,u84,0,0,2025-08-25
2025-08-29,u126,0,0,2025-08-25
2025-08-29,u140,5,0,2025-08-25
2025-08-29,u52,20,0,2025-08-25
2025-08-29,u148,15,0,2025-08-25
2025-08-29,u184,15,0,2025-08-25
2025-08-29,u164,10,0,2025-08-25
2025-08-30,u190,15,0,2025-08-25
2025-08-30,u176,5,0,2025-08-25
2025-08-30,u196,0,0,2025-08-25
2025-08-30,u158,10,0,2025-08-25
2025-08-30,u65,10,0,2025-08-25
2025-08-30,u16,0,0,2025-08-25
2025-08-30,u108,10,0,2025-08-25
2025-08-30,u28,5,0,2025-08-25
2025-08-30,u103,20,0,2025-08-25
2025-08-30,u101,15,0,2025-08-25
2025-08-30,u34,0,0,2025-08-25
2025-08-30,u163,5,0,2025-08-25
2025-08-30,u144,5,0,2025-08-25
2025-08-30,u38,10,0,2025-08-25
2025-08-30,u106,15,0,2025-08-25
2025-08-30,u195,20,0,2025-08-25
2025-08-30,u200,15,0,2025-08-25
2025-08-30,u59,10,0,2025-08-25
2025-08-30,u176,10,0,2025-08-25
2025-08-30,u174,5,0,2025-08-25
2025-08-30,u185,10,0,2025-08-25
2025-08-30,u168,10,0,2025-08-25
2025-08-30,u125,15,0,2025-08-25
2025-08-30,u22,10,0,2025-08-25
2025-08-30,u78,15,0,2025-08-25
2025-08-30,u145,10,0,2025-08-25
2025-08-30,u36,20,0,2025-08-25
2025-08-30,u163,20,1,2025-08-25
2025-08-30,u3,5,0,2025-08-25
2025-08-30,u168,10,0,2025-08-25
2025-08-30,u26,20,0,2025-08-25
2025-08-30,u60,5,0,2025-08-25
2025-08-30,u89,5,0,2025-08-25
2025-08-30,u104,20,0,2025-08-25
2025-08-30,u177,20,0,2025-08-25
2025-08-30,u24,20,0,2025-08-25
2025-08-30,u77,5,0,2025-08-25
2025-08-30,u55,20,0,2025-08-25
2025-08-30,u113,0,0,2025-08-25
2025-08-30,u68,15,0,2025-08-25
2025-08-30,u36,15,0,2025-08-25
2025-08-30,u15,15,0,2025-08-25
2025-08-30,u37,15,0,2025-08-25
2025-08-31,u139,20,0,2025-08-25
2025-08-31,u2,5,0,2025-08-25
2025-08-31,u120,20,0,2025-08-25
2025-08-31,u76,15,0,2025-08-25
2025-08-31,u108,0,0,2025-08-25
2025-08-31,u93,0,1,2025-08-25
2025-08-31,u12,10,0,2025-08-25
2025-08-31,u25,20,0,2025-08-25
2025-08-31,u194,5,0,2025-08-25
2025-08-31,u184,15,0,2025-08-25
2025-08-31,u87,0,0,2025-08-25
2025-08-31,u94,10,0,2025-08-25
2025-08-31,u135,20,0,2025-08-25
2025-08-31,u54,10,0,2025-08-25
2025-08-31,u109,10,0,2025-08-25
2025-08-31,u75,10,0,2025-08-25
2025-08-31,u127,15,0,2025-08-25
2025-08-31,u70,20,0,2025-08-25
2025-08-31,u53,15,0,2025-08-25
2025-08-31,u85,5,0,2025-08-25
2025-08-31,u77,5,0,2025-08-25
2025-08-31,u163,0,0,2025-08-25
2025-08-31,u11,15,0,2025-08-25
2025-08-31,u104,20,0,2025-08-25
2025-08-31,u103,10,0,2025-08-25
2025-08-31,u12,5,0,2025-08-25
2025-08-31,u122,20,0,2025-08-25
2025-08-31,u16,20,0,2025-08-25
2025-08-31,u157,15,0,2025-08-25
2025-08-31,u161,20,0,2025-08-25
2025-08-31,u22,5,0,2025-08-25
2025-08-31,u163,15,0,2025-08-25
2025-08-31,u45,0,0,2025-08-25
2025-08-31,u10,15,0,2025-08-25
2025-08-31,u168,0,0,2025-08-25
2025-09-01,u36,10,0,2025-09-01
2025-09-01,u67,10,0,2025-09-01
2025-09-01,u9,10,1,2025-09-01
2025-09-01,u145,20,0,2025-09-01
2025-09-01,u14,15,0,2025-09-01
2025-09-01,u11,0,0,2025-09-01
2025-09-01,u108,20,0,2025-09-01
2025-09-01,u104,15,0,2025-09-01
2025-09-01,u175,15,0,2025-09-01
2025-09-01,u169,5,0,2025-09-01
2025-09-01,u106,20,0,2025-09-01
2025-09-01,u165,15,0,2025-09-01
2025-09-01,u39,0,0,2025-09-01
2025-09-01,u3,0,0,2025-09-01
2025-09-01,u23,5,0,2025-09-01
2025-09-01,u34,15,1,2025-09-01
2025-09-01,u185,20,0,2025-09-01
2025-09-01,u188,5,0,2025-09-01
2025-09-01,u94,5,0,2025-09-01
2025-09-01,u22,10,0,2025-09-01
2025-09-01,u182,15,0,2025-09-01
2025-09-01,u66,0,0,2025-09-01
2025-09-01,u3,0,1,2025-09-01
2025-09-01,u167,20,0,2025-09-01
2025-09-01,u80,10,0,2025-09-01
2025-09-01,u43,15,0,2025-09-01
2025-09-01,u81,10,0,2025-09-01
2025-09-01,u187,15,0,2025-09-01
2025-09-01,u43,5,0,2025-09-01
2025-09-01,u30,10,0,2025-09-01
2025-09-01,u42,15,0,2025-09-01
2025-09-01,u200,15,0,2025-09-01
2025-09-01,u194,20,0,2025-09-01
2025-09-01,u72,0,0,2025-09-01
2025-09-01,u167,20,0,2025-09-01
2025-09-01,u156,0,0,2025-09-01
2025-09-01,u154,10,0,2025-09-01
2025-09-01,u64,15,0,2025-09-01
2025-09-01,u97,20,0,2025-09-01
2025-09-01,u60,15,0,2025-09-01
2025-09-01,u1,10,0,2025-09-01
2025-09-01,u109,5,0,2025-09-01
2025-09-01,u196,0,0,2025-09-01
2025-09-01,u37,20,0,2025-09-01
2025-09-01,u141,15,0,2025-09-01
2025-09-01,u22,20,0,2025-09-01
2025-09-01,u98,5,0,2025-09-01
2025-09-01,u185,5,0,2025-09-01
2025-09-01,u15,15,0,2025-09-01
2025-09-01,u53,10,0,2025-09-01
2025-09-01,u3,15,0,2025-09-01
2025-09-01,u23,20,0,2025-09-01
2025-09-01,u198,0,0,2025-09-01
2025-09-01,u149,20,0,2025-09-01
2025-09-01,u134,10,0,2025-09-01
2025-09-01,u151,5,0,2025-09-01
2025-09-02,u24,5,0,2025-09-01
2025-09-02,u75,10,0,2025-09-01
2025-09-02,u92,15,0,2025-09-01
2025-09-02,u39,5,0,2025-09-01
2025-09-02,u127,10,0,2025-09-01
2025-09-02,u96,15,0,2025-09-01
2025-09-02,u40,10,0,2025-09-01
2025-09-02,u89,10,0,2025-09-01
2025-09-02,u6,0,0,2025-09-01
2025-09-02,u145,15,0,2025-09-01
2025-09-02,u55,10,0,2025-09-01
2025-09-02,u72,15,0,2025-09-01
2025-09-02,u115,20,0,2025-09-01
2025-09-02,u34,10,0,2025-09-01
2025-09-02,u87,5,0,2025-09-01
2025-09-02,u97,0,1,2025-09-01
2025-09-02,u9,20,0,2025-09-01
2025-09-02,u181,15,0,2025-09-01
2025-09-02,u17,20,0,2025-09-01
2025-09-02,u31,0,0,2025-09-01
2025-09-02,u145,5,0,2025-09-01
2025-09-02,u172,20,0,2025-09-01
2025-09-02,u115,5,0,2025-09-01
2025-09-02,u61,5,0,2025-09-01
2025-09-02,u66,10,0,2025-09-01
2025-09-02,u142,0,0,2025-09-01
2025-09-02,u13,10,0,2025-09-01
2025-09-02,u182,15,0,2025-09-01
2025-09-02,u38,10,0,2025-09-01
2025-09-02,u51,10,0,2025-09-01
2025-09-02,u113,0,0,2025-09-01
2025-09-02,u96,10,0,2025-09-01
2025-09-02,u96,15,0,2025-09-01
2025-09-02,u113,5,0,2025-09-01
2025-09-02,u174,0,0,2025-09-01
2025-09-02,u50,0,0,2025-09-01
2025-09-03,u57,0,0,2025-09-01
2025-09-03,u96,5,0,2025-09-01
2025-09-03,u25,15,0,2025-09-01
2025-09-03,u161,0,0,2025-09-01
2025-09-03,u87,10,0,2025-09-01
2025-09-03,u123,0,0,2025-09-01
2025-09-03,u37,10,0,2025-09-01
2025-09-03,u15,5,0,2025-09-01
2025-09-03,u142,5,0,2025-09-01
2025-09-03,u39,10,0,2025-09-01
2025-09-03,u64,5,1,2025-09-01
2025-09-03,u147,10,0,2025-09-01
2025-09-03,u43,10,0,2025-09-01
2025-09-03,u82,15,0,2025-09-01
2025-09-03,u30,5,0,2025-09-01
2025-09-03,u15,5,0,2025-09-01
2025-09-03,u74,0,0,2025-09-01
2025-09-03,u52,10,0,2025-09-01
2025-09-03,u67,5,0,2025-09-01
2025-09-03,u25,15,0,2025-09-01
2025-09-03,u42,0,0,2025-09-01
2025-09-03,u76,5,0,2025-09-01
2025-09-03,u5,15,0,2025-09-01
2025-09-03,u88,20,0,2025-09-01
2025-09-03,u1,20,0,2025-09-01
2025-09-03,u93,15,0,2025-09-01
2025-09-03,u105,5,0,2025-09-01
2025-09-03,u47,5,0,2025-09-01
2025-09-03,u134,5,0,2025-09-01
2025-09-03,u51,20,0,2025-09-01
2025-09-03,u23,20,0,2025-09-01
2025-09-03,u195,10,0,2025-09-01
2025-09-03,u36,20,0,2025-09-01
2025-09-03,u161,5,0,2025-09-01
2025-09-03,u52,0,0,2025-09-01
2025-09-03,u188,20,0,2025-09-01
2025-09-03,u185,0,0,2025-09-01
2025-09-03,u89,10,0,2025-09-01
2025-09-03,u164,15,0,2025-09-01
2025-09-03,u105,15,0,2025-09-01
2025-09-03,u171,10,0,2025-09-01
2025-09-03,u145,10,0,2025-09-01
2025-09-03,u180,10,0,2025-09-01
2025-09-03,u2,10,0,2025-09-01
2025-09-03,u115,20,0,2025-09-01
2025-09-03,u92,5,0,2025-09-01
2025-09-03,u83,15,0,2025-09-01
2025-09-03,u16,10,0,2025-09-01
2025-09-03,u188,15,0,2025-09-01
2025-09-03,u7,20,0,2025-09-01
2025-09-03,u35,0,0,2025-09-01
2025-09-03,u23,5,0,2025-09-01
2025-09-03,u43,0,0,2025-09-01
2025-09-03,u143,0,1,2025-09-01
2025-09-03,u179,5,0,2025-09-01
2025-09-03,u154,20,0,2025-09-01
2025-09-04,u180,15,0,2025-09-01
2025-09-04,u25,5,0,2025-09-01
2025-09-04,u32,15,0,2025-09-01
2025-09-04,u129,10,0,2025-09-01
2025-09-04,u32,15,0,2025-09-01
2025-09-04,u139,20,0,2025-09-01
2025-09-04,u59,5,0,2025-09-01
2025-09-04,u119,15,0,2025-09-01
2025-09-04,u5,15,0,2025-09-01
2025-09-04,u153,20,0,2025-09-01
2025-09-04,u102,0,0,2025-09-01
2025-09-04,u87,15,0,2025-09-01
2025-09-04,u86,15,0,2025-09-01
2025-09-04,u145,10,0,2025-09-01
2025-09-04,u144,0,0,2025-09-01
2025-09-04,u38,10,0,2025-09-01
2025-09-04,u109,0,0,2025-09-01
2025-09-04,u136,5,0,2025-09-01
2025-09-04,u111,5,0,2025-09-01
2025-09-04,u6,5,0,2025-09-01
2025-09-04,u102,15,0,2025-09-01
2025-09-04,u11,0,0,2025-09-01
2025-09-04,u159,10,0,2025-09-01
2025-09-04,u160,10,0,2025-09-01
2025-09-04,u10,20,0,2025-09-01
2025-09-04,u32,20,1,2025-09-01
2025-09-04,u61,0,0,2025-09-01
2025-09-04,u79,10,0,2025-09-01
2025-09-04,u31,0,0,2025-09-01
2025-09-04,u132,10,0,2025-09-01
2025-09-04,u152,20,0,2025-09-01
2025-09-04,u113,0,0,2025-09-01
2025-09-04,u76,15,0,2025-09-01
2025-09-04,u71,5,0,2025-09-01
2025-09-04,u190,20,0,2025-09-01
2025-09-04,u117,20,0,2025-09-01
2025-09-04,u57,15,0,2025-09-01
2025-09-05,u94,15,0,2025-09-01
2025-09-05,u78,20,0,2025-09-01
2025-09-05,u80,0,0,2025-09-01
2025-09-05,u57,5,0,2025-09-01
2025-09-05,u99,20,0,2025-09-01
2025-09-05,u91,5,0,2025-09-01
2025-09-05,u62,10,0,2025-09-01
2025-09-05,u126,10,0,2025-09-01
2025-09-05,u56,10,0,2025-09-01
2025-09-05,u6,5,0,2025-09-01
2025-09-05,u156,10,0,2025-09-01
2025-09-05,u16,20,0,2025-09-01
2025-09-05,u113,10,0,2025-09-01
2025-09-05,u28,20,0,2025-09-01
2025-09-05,u174,5,0,2025-09-01
2025-09-05,u172,10,0,2025-09-01
2025-09-05,u52,20,0,2025-09-01
2025-09-05,u71,20,0,2025-09-01
2025-09-05,u191,15,0,2025-09-01
2025-09-05,u162,5,0,2025-09-01
2025-09-05,u27,0,0,2025-09-01
2025-09-05,u141,20,0,2025-09-01
2025-09-05,u102,20,0,2025-09-01
2025-09-05,u72,20,0,2025-09-01
2025-09-05,u98,15,0,2025-09-01
2025-09-05,u74,10,0,2025-09-01
2025-09-05,u101,20,0,2025-09-01
2025-09-05,u99,10,1,2025-09-01
2025-09-05,u191,15,0,2025-09-01
2025-09-05,u77,5,0,2025-09-01
2025-09-05,u38,15,0,2025-09-01
2025-09-05,u149,5,0,2025-09-01
2025-09-05,u85,10,0,2025-09-01
2025-09-05,u156,5,0,2025-09-01
2025-09-05,u53,15,0,2025-09-01
2025-09-05,u3,0,0,2025-09-01
2025-09-05,u145,15,0,2025-09-01
2025-09-05,u138,10,0,2025-09-01
2025-09-05,u112,20,0,2025-09-01
2025-09-05,u187,15,0,2025-09-01
2025-09-05,u92,0,0,2025-09-01
2025-09-05,u90,15,0,2025-09-01
2025-09-05,u174,0,0,2025-09-01
2025-09-05,u26,15,0,2025-09-01
2025-09-05,u103,20,0,2025-09-01
2025-09-05,u40,5,0,2025-09-01
2025-09-05,u125,15,0,2025-09-01
2025-09-05,u160,20,0,2025-09-01
2025-09-05,u136,0,0,2025-09-01
2025-09-05,u82,10,0,2025-09-01
2025-09-05,u80,20,0,2025-09-01
2025-09-05,u168,10,0,2025-09-01
2025-09-06,u131,15,0,2025-09-01
2025-09-06,u135,10,0,2025-09-01
2025-09-06,u54,20,0,2025-09-01
2025-09-06,u106,5,0,2025-09-01
2025-09-06,u145,20,0,2025-09-01
2025-09-06,u146,0,0,2025-09-01
2025-09-06,u3,0,0,2025-09-01
2025-09-06,u177,20,1,2025-09-01
2025-09-06,u78,15,0,2025-09-01
2025-09-06,u151,0,0,2025-09-01
2025-09-06,u51,5,0,2025-09-01
2025-09-06,u142,20,0,2025-09-01
2025-09-06,u166,20,0,2025-09-01
2025-09-06,u37,20,0,2025-09-01
2025-09-06,u155,0,0,2025-09-01
2025-09-06,u133,20,0,2025-09-01
2025-09-06,u26,0,0,2025-09-01
2025-09-06,u134,15,0,2025-09-01
2025-09-06,u157,15,0,2025-09-01
2025-09-06,u16,0,0,2025-09-01
2025-09-06,u149,10,0,2025-09-01
2025-09-06,u61,10,0,2025-09-01
2025-09-06,u9,10,0,2025-09-01
2025-09-06,u150,0,0,2025-09-01
2025-09-06,u116,20,0,2025-09-01
2025-09-06,u14,5,0,2025-09-01
2025-09-06,u150,0,0,2025-09-01
2025-09-06,u159,5,0,2025-09-01
2025-09-06,u12,5,0,2025-09-01
2025-09-06,u45,10,1,2025-09-01
2025-09-06,u117,10,0,2025-09-01
2025-09-06,u65,15,0,2025-09-01
2025-09-06,u18,5,0,2025-09-01
2025-09-06,u173,20,0,2025-09-01
2025-09-06,u80,15,0,2025-09-01
2025-09-06,u125,0,0,2025-09-01
2025-09-06,u63,0,0,2025-09-01
2025-09-06,u92,15,0,2025-09-01
2025-09-06,u75,15,0,2025-09-01
2025-09-06,u30,10,0,2025-09-01
2025-09-06,u99,10,0,2025-09-01
2025-09-06,u17,0,0,2025-09-01
2025-09-06,u90,20,0,2025-09-01
2025-09-06,u49,15,0,2025-09-01
2025-09-06,u61,15,0,2025-09-01
2025-09-06,u171,0,0,2025-09-01
2025-09-06,u40,5,0,2025-09-01
2025-09-06,u24,5,0,2025-09-01
2025-09-06,u33,20,0,2025-09-01
2025-09-06,u62,5,0,2025-09-01
2025-09-06,u56,15,0,2025-09-01
2025-09-06,u149,5,0,2025-09-01
2025-09-06,u122,20,0,2025-09-01
2025-09-06,u116,5,0,2025-09-01
2025-09-06,u67,20,0,2025-09-01
2025-09-06,u151,10,0,2025-09-01
2025-09-07,u156,20,0,2025-09-01
2025-09-07,u193,0,0,2025-09-01
2025-09-07,u24,20,0,2025-09-01
2025-09-07,u189,15,1,2025-09-01
2025-09-07,u184,20,0,2025-09-01
2025-09-07,u4,15,0,2025-09-01
2025-09-07,u178,5,0,2025-09-01
2025-09-07,u60,10,0,2025-09-01
2025-09-07,u28,0,0,2025-09-01
2025-09-07,u93,20,0,2025-09-01
2025-09-07,u50,0,0,2025-09-01
2025-09-07,u23,5,0,2025-09-01
2025-09-07,u184,15,0,2025-09-01
2025-09-07,u104,15,0,2025-09-01
2025-09-07,u161,5,0,2025-09-01
2025-09-07,u46,0,0,2025-09-01
2025-09-07,u170,10,0,2025-09-01
2025-09-07,u7,15,0,2025-09-01
2025-09-07,u103,10,0,2025-09-01
2025-09-07,u26,5,0,2025-09-01
2025-09-07,u70,20,0,2025-09-01
2025-09-07,u183,0,0,2025-09-01
2025-09-07,u156,5,0,2025-09-01
2025-09-07,u194,10,0,2025-09-01
2025-09-07,u190,0,0,2025-09-01
2025-09-07,u162,5,0,2025-09-01
2025-09-07,u59,20,0,2025-09-01
2025-09-07,u134,10,0,2025-09-01
2025-09-07,u172,20,0,2025-09-01
2025-09-07,u1,0,0,2025-09-01
2025-09-07,u199,10,0,2025-09-01
2025-09-07,u150,20,0,2025-09-01
2025-09-07,u63,0,0,2025-09-01
2025-09-07,u82,5,0,2025-09-01
2025-09-07,u89,0,0,2025-09-01
2025-09-07,u191,15,0,2025-09-01
2025-09-07,u158,5,0,2025-09-01
2025-09-07,u24,10,0,2025-09-01
2025-09-07,u109,15,0,2025-09-01
2025-09-07,u178,20,0,2025-09-01
2025-09-07,u161,15,0,2025-09-01
2025-09-07,u174,5,0,2025-09-01
2025-09-08,u200,5,0,2025-09-08
2025-09-08,u49,0,0,2025-09-08
2025-09-08,u144,10,0,2025-09-08
2025-09-08,u42,5,0,2025-09-08
2025-09-08,u64,0,0,2025-09-08
2025-09-08,u89,15,0,2025-09-08
2025-09-08,u163,10,0,2025-09-08
2025-09-08,u176,15,0,2025-09-08
2025-09-08,u61,5,1,2025-09-08
2025-09-08,u178,15,0,2025-09-08
2025-09-08,u165,10,0,2025-09-08
2025-09-08,u35,5,0,2025-09-08
2025-09-08,u62,10,0,2025-09-08
2025-09-08,u31,20,0,2025-09-08
2025-09-08,u44,5,0,2025-09-08
2025-09-08,u119,15,0,2025-09-08
2025-09-08,u30,10,1,2025-09-08
2025-09-08,u125,5,0,2025-09-08
2025-09-08,u72,10,0,2025-09-08
2025-09-08,u180,10,0,2025-09-08
2025-09-08,u29,5,0,2025-09-08
2025-09-08,u120,20,0,2025-09-08
2025-09-08,u44,20,0,2025-09-08
2025-09-08,u3,15,0,2025-09-08
2025-09-08,u193,15,0,2025-09-08
2025-09-08,u184,10,0,2025-09-08
2025-09-08,u145,10,0,2025-09-08
2025-09-08,u126,15,0,2025-09-08
2025-09-08,u140,10,1,2025-09-08
2025-09-08,u24,10,0,2025-09-08
2025-09-08,u188,10,0,2025-09-08
2025-09-08,u21,5,0,2025-09-08
2025-09-08,u7,15,0,2025-09-08
2025-09-08,u76,10,0,2025-09-08
2025-09-08,u164,20,0,2025-09-08
2025-09-08,u175,5,0,2025-09-08
2025-09-08,u185,10,0,2025-09-08
2025-09-08,u84,15,0,2025-09-08
2025-09-08,u92,10,0,2025-09-08
2025-09-08,u35,20,0,2025-09-08
2025-09-08,u65,5,0,2025-09-08
2025-09-08,u28,20,0,2025-09-08
2025-09-08,u181,15,0,2025-09-08
2025-09-08,u56,15,0,2025-09-08
2025-09-08,u188,5,0,2025-09-08
2025-09-08,u155,20,0,2025-09-08
2025-09-09,u177,5,0,2025-09-08
2025-09-09,u114,15,0,2025-09-08
2025-09-09,u11,15,0,2025-09-08
2025-09-09,u56,10,1,2025-09-08
2025-09-09,u157,20,0,2025-09-08
2025-09-09,u73,0,0,2025-09-08
2025-09-09,u132,15,0,2025-09-08
2025-09-09,u17,15,1,2025-09-08
2025-09-09,u46,5,0,2025-09-08
2025-09-09,u2,15,0,2025-09-08
2025-09-09,u173,10,0,2025-09-08
2025-09-09,u121,0,0,2025-09-08
2025-09-09,u133,15,0,2025-09-08
2025-09-09,u137,5,0,2025-09-08
2025-09-09,u156,20,0,2025-09-08
2025-09-09,u16,10,0,2025-09-08
2025-09-09,u77,20,0,2025-09-08
2025-09-09,u95,15,0,2025-09-08
2025-09-09,u36,10,0,2025-09-08
2025-09-09,u136,0,0,2025-09-08
2025-09-09,u57,15,0,2025-09-08
2025-09-09,u38,20,0,2025-09-08
2025-09-09,u149,15,0,2025-09-08
2025-09-09,u62,20,0,2025-09-08
2025-09-09,u67,0,0,2025-09-08
2025-09-09,u52,20,0,2025-09-08
2025-09-09,u57,10,0,2025-09-08
2025-09-09,u49,20,0,2025-09-08
2025-09-09,u182,15,0,2025-09-08
2025-09-09,u118,5,0,2025-09-08
2025-09-09,u179,0,0,2025-09-08
2025-09-09,u151,20,0,2025-09-08
2025-09-09,u105,0,0,2025-09-08
2025-09-09,u35,20,0,2025-09-08
2025-09-10,u194,0,0,2025-09-08
2025-09-10,u185,20,0,2025-09-08
2025-09-10,u176,15,0,2025-09-08
2025-09-10,u50,20,0,2025-09-08
2025-09-10,u24,5,0,2025-09-08
2025-09-10,u159,0,0,2025-09-08
2025-09-10,u13,10,0,2025-09-08
2025-09-10,u180,20,0,2025-09-08
2025-09-10,u118,10,0,2025-09-08
2025-09-10,u35,15,0,2025-09-08
2025-09-10,u23,20,0,2025-09-08
2025-09-10,u52,20,0,2025-09-08
2025-09-10,u187,10,0,2025-09-08
2025-09-10,u191,10,0,2025-09-08
2025-09-10,u189,0,0,2025-09-08
2025-09-10,u32,5,0,2025-09-08
2025-09-10,u189,20,0,2025-09-08
2025-09-10,u185,15,0,2025-09-08
2025-09-10,u155,10,0,2025-09-08
2025-09-10,u141,10,0,2025-09-08
2025-09-10,u29,0,0,2025-09-08
2025-09-10,u173,5,0,2025-09-08
2025-09-10,u50,15,1,2025-09-08
2025-09-10,u149,15,0,2025-09-08
2025-09-10,u6,15,0,2025-09-08
2025-09-10,u67,5,0,2025-09-08
2025-09-10,u75,15,0,2025-09-08
2025-09-10,u151,10,0,2025-09-08
2025-09-10,u177,10,0,2025-09-08
2025-09-10,u4,0,0,2025-09-08
2025-09-10,u39,15,0,2025-09-08
2025-09-10,u9,0,0,2025-09-08
2025-09-10,u159,20,0,2025-09-08
2025-09-10,u122,5,0,2025-09-08
2025-09-10,u115,15,0,2025-09-08
2025-09-10,u157,20,0,2025-09-08
2025-09-10,u85,20,0,2025-09-08
2025-09-10,u34,20,0,2025-09-08
2025-09-10,u55,5,0,2025-09-08
2025-09-10,u187,15,0,2025-09-08
2025-09-10,u120,15,0,2025-09-08
2025-09-10,u81,0,0,2025-09-08
2025-09-10,u124,10,0,2025-09-08
2025-09-10,u64,15,0,2025-09-08
2025-09-10,u156,0,0,2025-09-08
2025-09-10,u187,5,0,2025-09-08
2025-09-10,u70,0,0,2025-09-08
2025-09-10,u68,10,0,2025-09-08
2025-09-10,u136,20,0,2025-09-08
2025-09-10,u179,0,0,2025-09-08
2025-09-10,u198,0,0,2025-09-08
2025-09-10,u199,15,0,2025-09-08
2025-09-11,u26,10,0,2025-09-08
2025-09-11,u61,5,0,2025-09-08
2025-09-11,u78,10,0,2025-09-08
2025-09-11,u131,5,0,2025-09-08
2025-09-11,u141,15,0,2025-09-08
2025-09-11,u181,10,0,2025-09-08
2025-09-11,u124,20,0,2025-09-08
2025-09-11,u63,5,0,2025-09-08
2025-09-11,u39,5,0,2025-09-08
2025-09-11,u172,15,0,2025-09-08
2025-09-11,u102,20,0,2025-09-08
2025-09-11,u44,20,0,2025-09-08
2025-09-11,u78,10,0,2025-09-08
2025-09-11,u147,20,0,2025-09-08
2025-09-11,u88,0,0,2025-09-08
2025-09-11,u150,0,0,2025-09-08
2025-09-11,u78,20,0,2025-09-08
2025-09-11,u120,10,0,2025-09-08
2025-09-11,u177,15,0,2025-09-08
2025-09-11,u18,15,0,2025-09-08
2025-09-11,u45,10,0,2025-09-08
2025-09-11,u140,0,0,2025-09-08
2025-09-11,u161,10,0,2025-09-08
2025-09-11,u6,5,0,2025-09-08
2025-09-11,u115,5,0,2025-09-08
2025-09-11,u73,20,0,2025-09-08
2025-09-11,u51,5,0,2025-09-08
2025-09-11,u34,20,0,2025-09-08
2025-09-11,u19,20,0,2025-09-08
2025-09-11,u35,0,0,2025-09-08
2025-09-11,u138,0,0,2025-09-08
2025-09-11,u8,5,0,2025-09-08
2025-09-11,u192,0,0,2025-09-08
2025-09-11,u104,20,0,2025-09-08
2025-09-11,u87,5,0,2025-09-08
2025-09-11,u107,0,0,2025-09-08
2025-09-11,u157,10,0,2025-09-08
2025-09-11,u154,15,0,2025-09-08
2025-09-11,u119,0,1,2025-09-08
2025-09-11,u82,20,0,2025-09-08
2025-09-11,u81,0,0,2025-09-08
2025-09-11,u182,10,0,2025-09-08
2025-09-11,u5,5,0,2025-09-08
2025-09-11,u136,0,0,2025-09-08
2025-09-11,u93,15,0,2025-09-08
2025-09-11,u175,20,0,2025-09-08
2025-09-11,u40,20,0,2025-09-08
2025-09-11,u59,20,0,2025-09-08
2025-09-11,u183,15,0,2025-09-08
2025-09-11,u199,10,0,2025-09-08
2025-09-12,u181,15,0,2025-09-08
2025-09-12,u93,20,0,2025-09-08
2025-09-12,u71,5,0,2025-09-08
2025-09-12,u143,15,0,2025-09-08
2025-09-12,u199,10,0,2025-09-08
2025-09-12,u161,5,0,2025-09-08
2025-09-12,u24,0,0,2025-09-08
2025-09-12,u32,0,0,2025-09-08
2025-09-12,u53,20,0,2025-09-08
2025-09-12,u67,20,0,2025-09-08
2025-09-12,u39,5,0,2025-09-08
2025-09-12,u200,5,0,2025-09-08
2025-09-12,u90,5,0,2025-09-08
2025-09-12,u128,5,0,2025-09-08
2025-09-12,u89,15,0,2025-09-08
2025-09-12,u83,0,0,2025-09-08
2025-09-12,u188,0,0,2025-09-08
2025-09-12,u166,15,0,2025-09-08
2025-09-12,u90,0,0,2025-09-08
2025-09-12,u97,15,0,2025-09-08
2025-09-12,u97,5,0,2025-09-08
2025-09-12,u6,10,0,2025-09-08
2025-09-12,u62,5,0,2025-09-08
2025-09-12,u84,15,0,2025-09-08
2025-09-12,u77,15,0,2025-09-08
2025-09-12,u146,5,0,2025-09-08
2025-09-12,u197,10,0,2025-09-08
2025-09-12,u35,10,0,2025-09-08
2025-09-12,u85,0,0,2025-09-08
2025-09-12,u64,5,0,2025-09-08
2025-09-12,u157,20,0,2025-09-08
2025-09-12,u55,20,0,2025-09-08
2025-09-12,u54,10,0,2025-09-08
2025-09-12,u199,15,0,2025-09-08
2025-09-12,u36,10,0,2025-09-08
2025-09-12,u29,5,0,2025-09-08
2025-09-12,u3,5,0,2025-09-08
2025-09-12,u39,20,0,2025-09-08
2025-09-12,u25,5,0,2025-09-08
2025-09-12,u102,0,0,2025-09-08
2025-09-12,u165,15,0,2025-09-08
2025-09-12,u9,20,0,2025-09-08
2025-09-12,u161,0,0,2025-09-08
2025-09-12,u130,20,0,2025-09-08
2025-09-12,u111,0,0,2025-09-08
2025-09-12,u13,10,0,2025-09-08
2025-09-12,u29,0,0,2025-09-08
2025-09-13,u135,15,1,2025-09-08
2025-09-13,u58,20,0,2025-09-08
2025-09-13,u189,20,0,2025-09-08
2025-09-13,u29,20,0,2025-09-08
2025-09-13,u128,0,0,2025-09-08
2025-09-13,u56,5,0,2025-09-08
2025-09-13,u70,5,1,2025-09-08
2025-09-13,u69,0,0,2025-09-08
2025-09-13,u51,20,0,2025-09-08
2025-09-13,u143,10,0,2025-09-08
2025-09-13,u84,0,0,2025-09-08
2025-09-13,u140,10,0,2025-09-08
2025-09-13,u177,15,0,2025-09-08
2025-09-13,u191,10,0,2025-09-08
2025-09-13,u82,20,0,2025-09-08
2025-09-13,u39,15,0,2025-09-08
2025-09-13,u105,5,0,2025-09-08
2025-09-13,u163,0,0,2025-09-08
2025-09-13,u129,10,0,2025-09-08
2025-09-13,u187,15,0,2025-09-08
2025-09-13,u51,0,0,2025-09-08
2025-09-13,u159,0,0,2025-09-08
2025-09-13,u13,15,0,2025-09-08
2025-09-13,u84,15,0,2025-09-08
2025-09-13,u81,15,0,2025-09-08
2025-09-13,u1,15,0,2025-09-08
2025-09-13,u121,20,0,2025-09-08
2025-09-13,u140,15,0,2025-09-08
2025-09-13,u162,15,0,2025-09-08
2025-09-13,u17,15,0,2025-09-08
2025-09-13,u69,20,0,2025-09-08
2025-09-13,u83,0,0,2025-09-08
2025-09-13,u140,5,0,2025-09-08
2025-09-13,u196,10,0,2025-09-08
2025-09-14,u122,10,0,2025-09-08
2025-09-14,u123,20,0,2025-09-08
2025-09-14,u37,0,0,2025-09-08
2025-09-14,u136,10,0,2025-09-08
2025-09-14,u136,5,0,2025-09-08
2025-09-14,u62,5,0,2025-09-08
2025-09-14,u170,15,0,2025-09-08
2025-09-14,u167,0,0,2025-09-08
2025-09-14,u93,15,0,2025-09-08
2025-09-14,u40,10,0,2025-09-08
2025-09-14,u94,10,0,2025-09-08
2025-09-14,u134,20,0,2025-09-08
2025-09-14,u170,0,0,2025-09-08
2025-09-14,u75,15,0,2025-09-08
2025-09-14,u116,15,0,2025-09-08
2025-09-14,u45,20,0,2025-09-08
2025-09-14,u175,5,0,2025-09-08
2025-09-14,u134,5,0,2025-09-08
2025-09-14,u134,10,0,2025-09-08
2025-09-14,u65,0,0,2025-09-08
2025-09-14,u1,20,0,2025-09-08
2025-09-14,u152,5,0,2025-09-08
2025-09-14,u140,10,0,2025-09-08
2025-09-14,u66,5,0,2025-09-08
2025-09-14,u113,0,0,2025-09-08
2025-09-14,u127,0,0,2025-09-08
2025-09-14,u109,10,0,2025-09-08
2025-09-14,u96,0,0,2025-09-08
2025-09-14,u97,10,0,2025-09-08
2025-09-14,u193,10,0,2025-09-08
2025-09-14,u111,20,0,2025-09-08
2025-09-14,u91,5,0,2025-09-08
2025-09-14,u149,5,0,2025-09-08
2025-09-14,u50,20,0,2025-09-08
2025-09-14,u171,5,0,2025-09-08
2025-09-14,u19,0,0,2025-09-08
2025-09-14,u98,15,0,2025-09-08
2025-09-14,u128,0,0,2025-09-08
2025-09-14,u145,15,0,2025-09-08
2025-09-14,u180,15,0,2025-09-08
2025-09-14,u122,5,0,2025-09-08
2025-09-14,u113,15,0,2025-09-08
2025-09-14,u132,0,0,2025-09-08
2025-09-14,u190,5,0,2025-09-08
2025-09-14,u11,10,0,2025-09-08
2025-09-14,u197,15,0,2025-09-08
2025-09-14,u31,0,0,2025-09-08
2025-09-14,u20,20,0,2025-09-08
2025-09-14,u27,15,0,2025-09-08
2025-09-14,u193,5,0,2025-09-08
2025-09-14,u15,5,0,2025-09-08
2025-09-14,u124,0,0,2025-09-08
2025-09-14,u192,15,0,2025-09-08
2025-09-14,u36,15,0,2025-09-08
2025-09-14,u161,5,0,2025-09-08
2025-09-14,u49,20,0,2025-09-08
2025-09-15,u138,10,0,2025-09-15
2025-09-15,u23,10,0,2025-09-15
2025-09-15,u170,10,0,2025-09-15
2025-09-15,u131,15,0,2025-09-15
2025-09-15,u79,10,0,2025-09-15
2025-09-15,u98,15,0,2025-09-15
2025-09-15,u66,10,0,2025-09-15
2025-09-15,u14,5,0,2025-09-15
2025-09-15,u96,15,0,2025-09-15
2025-09-15,u182,20,0,2025-09-15
2025-09-15,u88,5,0,2025-09-15
2025-09-15,u181,20,0,2025-09-15
2025-09-15,u187,10,1,2025-09-15
2025-09-15,u18,15,0,2025-09-15
2025-09-15,u83,0,0,2025-09-15
2025-09-15,u113,10,0,2025-09-15
2025-09-15,u54,20,0,2025-09-15
2025-09-15,u104,15,0,2025-09-15
2025-09-15,u53,0,0,2025-09-15
2025-09-15,u164,0,0,2025-09-15
2025-09-15,u19,20,0,2025-09-15
2025-09-15,u4,20,0,2025-09-15
2025-09-15,u43,15,0,2025-09-15
2025-09-15,u185,10,0,2025-09-15
2025-09-15,u137,5,0,2025-09-15
2025-09-15,u184,5,0,2025-09-15
2025-09-15,u120,0,0,2025-09-15
2025-09-15,u24,0,0,2025-09-15
2025-09-15,u169,10,0,2025-09-15
2025-09-15,u114,15,0,2025-09-15
2025-09-15,u15,5,0,2025-09-15
2025-09-15,u115,10,0,2025-09-15
2025-09-15,u150,10,0,2025-09-15
2025-09-15,u185,5,0,2025-09-15
2025-09-15,u67,10,0,2025-09-15
